year_month,year,month,visitors_total_persons,overnight_visitors_persons,day_visitors_persons,tourism_spending_total_thousand_yen,lodging_spend_thousand_yen,food_beverage_spend_thousand_yen,other_spend_thousand_yen,overnight_share_pct,spending_per_visitor_yen,source,source_url
2019-01,2019,1,262286,55586,206700,806889,583653,130221,93015,21.2,3076,"Kanagawa Prefecture, ""Tourist Visitor Survey""",https://www.pref.kanagawa.jp/docs/b6m/cnt/f80022/r6irikomi.html
2019-02,2019,2,271099,63854,207245,894291,670467,130564,93260,23.6,3299,"Kanagawa Prefecture, ""Tourist Visitor Survey""",https://www.pref.kanagawa.jp/docs/b6m/cnt/f80022/r6irikomi.html
2019-03,2019,3,259172,62261,196911,866405,653741,124054,88610,24.0,3343,"Kanagawa Prefecture, ""Tourist Visitor Survey""",https://www.pref.kanagawa.jp/docs/b6m/cnt/f80022/r6irikomi.html
2019-04,2019,4,468164,51200,416964,987921,537600,262687,187634,10.9,2110,"Kanagawa Prefecture, ""Tourist Visitor Survey""",https://www.pref.kanagawa.jp/docs/b6m/cnt/f80022/r6irikomi.html
2019-05,2019,5,325872,46730,279142,792138,490665,175859,125614,14.3,2431,"Kanagawa Prefecture, ""Tourist Visitor Survey""",https://www.pref.kanagawa.jp/docs/b6m/cnt/f80022/r6irikomi.html
2019-06,2019,6,416805,44544,372261,869753,467712,234524,167517,10.7,2087,"Kanagawa Prefecture, ""Tourist Visitor Survey""",https://www.pref.kanagawa.jp/docs/b6m/cnt/f80022/r6irikomi.html
2019-07,2019,7,305633,47025,258608,773060,493763,162923,116374,15.4,2529,"Kanagawa Prefecture, ""Tourist Visitor Survey""",https://www.pref.kanagawa.jp/docs/b6m/cnt/f80022/r6irikomi.html
2019-08,2019,8,300944,80336,220608,1081785,843528,138983,99274,26.7,3595,"Kanagawa Prefecture, ""Tourist Visitor Survey""",https://www.pref.kanagawa.jp/docs/b6m/cnt/f80022/r6irikomi.html
2019-09,2019,9,307332,60109,247223,898145,631145,155750,111250,19.6,2922,"Kanagawa Prefecture, ""Tourist Visitor Survey""",https://www.pref.kanagawa.jp/docs/b6m/cnt/f80022/r6irikomi.html
2019-10,2019,10,429521,42197,387324,861379,443069,244014,174296,9.8,2005,"Kanagawa Prefecture, ""Tourist Visitor Survey""",https://www.pref.kanagawa.jp/docs/b6m/cnt/f80022/r6irikomi.html
2019-11,2019,11,369306,54857,314449,915604,575999,198103,141502,14.9,2479,"Kanagawa Prefecture, ""Tourist Visitor Survey""",https://www.pref.kanagawa.jp/docs/b6m/cnt/f80022/r6irikomi.html
2019-12,2019,12,380161,65640,314521,1028902,689220,198148,141534,17.3,2706,"Kanagawa Prefecture, ""Tourist Visitor Survey""",https://www.pref.kanagawa.jp/docs/b6m/cnt/f80022/r6irikomi.html
2020-01,2020,1,257710,59960,197750,843150,629580,124583,88988,23.3,3272,"Kanagawa Prefecture, ""Tourist Visitor Survey""",https://www.pref.kanagawa.jp/docs/b6m/cnt/f80022/r6irikomi.html
2020-02,2020,2,294342,53975,240367,826334,566738,151431,108165,18.3,2807,"Kanagawa Prefecture, ""Tourist Visitor Survey""",https://www.pref.kanagawa.jp/docs/b6m/cnt/f80022/r6irikomi.html
2020-03,2020,3,254713,43931,210782,688920,461276,132793,94852,17.2,2705,"Kanagawa Prefecture, ""Tourist Visitor Survey""",https://www.pref.kanagawa.jp/docs/b6m/cnt/f80022/r6irikomi.html
2020-04,2020,4,355089,9021,346068,468474,94721,218023,155731,2.5,1319,"Kanagawa Prefecture, ""Tourist Visitor Survey""",https://www.pref.kanagawa.jp/docs/b6m/cnt/f80022/r6irikomi.html
2020-05,2020,5,283526,9986,273540,400276,104853,172330,123093,3.5,1412,"Kanagawa Prefecture, ""Tourist Visitor Survey""",https://www.pref.kanagawa.jp/docs/b6m/cnt/f80022/r6irikomi.html
2020-06,2020,6,323411,22588,300823,562063,237174,189518,135370,7.0,1738,"Kanagawa Prefecture, ""Tourist Visitor Survey""",https://www.pref.kanagawa.jp/docs/b6m/cnt/f80022/r6irikomi.html
2020-07,2020,7,271345,33406,237939,607737,350763,149902,107073,12.3,2240,"Kanagawa Prefecture, ""Tourist Visitor Survey""",https://www.pref.kanagawa.jp/docs/b6m/cnt/f80022/r6irikomi.html
2020-08,2020,8,286939,57665,229274,853098,605483,144443,103173,20.1,2973,"Kanagawa Prefecture, ""Tourist Visitor Survey""",https://www.pref.kanagawa.jp/docs/b6m/cnt/f80022/r6irikomi.html
2020-09,2020,9,272720,48730,223990,753574,511665,141114,100796,17.9,2763,"Kanagawa Prefecture, ""Tourist Visitor Survey""",https://www.pref.kanagawa.jp/docs/b6m/cnt/f80022/r6irikomi.html
2020-10,2020,10,361624,49995,311629,861507,524948,196326,140233,13.8,2382,"Kanagawa Prefecture, ""Tourist Visitor Survey""",https://www.pref.kanagawa.jp/docs/b6m/cnt/f80022/r6irikomi.html
2020-11,2020,11,311459,60156,251303,903045,631638,158321,113086,19.3,2899,"Kanagawa Prefecture, ""Tourist Visitor Survey""",https://www.pref.kanagawa.jp/docs/b6m/cnt/f80022/r6irikomi.html
2020-12,2020,12,329186,53293,275893,857541,559577,173813,124152,16.2,2605,"Kanagawa Prefecture, ""Tourist Visitor Survey""",https://www.pref.kanagawa.jp/docs/b6m/cnt/f80022/r6irikomi.html
2021-01,2021,1,279110,24139,254971,528828,253460,160632,114737,8.6,1895,"Kanagawa Prefecture, ""Tourist Visitor Survey""",https://www.pref.kanagawa.jp/docs/b6m/cnt/f80022/r6irikomi.html
2021-02,2021,2,308515,26409,282106,581969,277295,177727,126948,8.6,1886,"Kanagawa Prefecture, ""Tourist Visitor Survey""",https://www.pref.kanagawa.jp/docs/b6m/cnt/f80022/r6irikomi.html
2021-03,2021,3,315075,35869,279206,678167,376625,175900,125643,11.4,2152,"Kanagawa Prefecture, ""Tourist Visitor Survey""",https://www.pref.kanagawa.jp/docs/b6m/cnt/f80022/r6irikomi.html
2021-04,2021,4,394910,28168,366742,691845,295764,231047,165034,7.1,1752,"Kanagawa Prefecture, ""Tourist Visitor Survey""",https://www.pref.kanagawa.jp/docs/b6m/cnt/f80022/r6irikomi.html
2021-05,2021,5,241101,29031,212070,533861,304826,133604,95432,12.0,2214,"Kanagawa Prefecture, ""Tourist Visitor Survey""",https://www.pref.kanagawa.jp/docs/b6m/cnt/f80022/r6irikomi.html
2021-06,2021,6,349171,24148,325023,604579,253554,204764,146260,6.9,1731,"Kanagawa Prefecture, ""Tourist Visitor Survey""",https://www.pref.kanagawa.jp/docs/b6m/cnt/f80022/r6irikomi.html
2021-07,2021,7,247505,29871,217634,548690,313646,137109,97935,12.1,2217,"Kanagawa Prefecture, ""Tourist Visitor Survey""",https://www.pref.kanagawa.jp/docs/b6m/cnt/f80022/r6irikomi.html
2021-08,2021,8,256391,44453,211938,695650,466757,133521,95372,17.3,2713,"Kanagawa Prefecture, ""Tourist Visitor Survey""",https://www.pref.kanagawa.jp/docs/b6m/cnt/f80022/r6irikomi.html
2021-09,2021,9,239472,32074,207398,560767,336777,130661,93329,13.4,2342,"Kanagawa Prefecture, ""Tourist Visitor Survey""",https://www.pref.kanagawa.jp/docs/b6m/cnt/f80022/r6irikomi.html
2021-10,2021,10,322338,32421,289917,653531,340421,182648,130463,10.1,2027,"Kanagawa Prefecture, ""Tourist Visitor Survey""",https://www.pref.kanagawa.jp/docs/b6m/cnt/f80022/r6irikomi.html
2021-11,2021,11,262331,43192,219139,690186,453516,138058,98613,16.5,2631,"Kanagawa Prefecture, ""Tourist Visitor Survey""",https://www.pref.kanagawa.jp/docs/b6m/cnt/f80022/r6irikomi.html
2021-12,2021,12,283927,57652,226275,849723,605346,142553,101824,20.3,2993,"Kanagawa Prefecture, ""Tourist Visitor Survey""",https://www.pref.kanagawa.jp/docs/b6m/cnt/f80022/r6irikomi.html
2022-01,2022,1,258774,49311,209463,743984,517765,131961,94258,19.1,2875,"Kanagawa Prefecture, ""Tourist Visitor Survey""",https://www.pref.kanagawa.jp/docs/b6m/cnt/f80022/r6irikomi.html
2022-02,2022,2,290147,30449,259698,600187,319714,163609,116864,10.5,2069,"Kanagawa Prefecture, ""Tourist Visitor Survey""",https://www.pref.kanagawa.jp/docs/b6m/cnt/f80022/r6irikomi.html
2022-03,2022,3,309561,45514,264047,763067,477897,166349,118821,14.7,2465,"Kanagawa Prefecture, ""Tourist Visitor Survey""",https://www.pref.kanagawa.jp/docs/b6m/cnt/f80022/r6irikomi.html
2022-04,2022,4,353847,45311,308536,808983,475765,194377,138841,12.8,2286,"Kanagawa Prefecture, ""Tourist Visitor Survey""",https://www.pref.kanagawa.jp/docs/b6m/cnt/f80022/r6irikomi.html
2022-05,2022,5,290751,47419,243332,760697,497899,153299,109499,16.3,2616,"Kanagawa Prefecture, ""Tourist Visitor Survey""",https://www.pref.kanagawa.jp/docs/b6m/cnt/f80022/r6irikomi.html
2022-06,2022,6,318792,41109,277683,731541,431644,174940,124957,12.9,2295,"Kanagawa Prefecture, ""Tourist Visitor Survey""",https://www.pref.kanagawa.jp/docs/b6m/cnt/f80022/r6irikomi.html
2022-07,2022,7,298324,41699,256625,714993,437839,161673,115481,14.0,2397,"Kanagawa Prefecture, ""Tourist Visitor Survey""",https://www.pref.kanagawa.jp/docs/b6m/cnt/f80022/r6irikomi.html
2022-08,2022,8,367617,66746,300871,1025772,700833,189548,135391,18.2,2790,"Kanagawa Prefecture, ""Tourist Visitor Survey""",https://www.pref.kanagawa.jp/docs/b6m/cnt/f80022/r6irikomi.html
2022-09,2022,9,288755,55510,233245,834759,582855,146944,104960,19.2,2891,"Kanagawa Prefecture, ""Tourist Visitor Survey""",https://www.pref.kanagawa.jp/docs/b6m/cnt/f80022/r6irikomi.html
2022-10,2022,10,386771,42273,344498,815923,443866,217033,155024,10.9,2110,"Kanagawa Prefecture, ""Tourist Visitor Survey""",https://www.pref.kanagawa.jp/docs/b6m/cnt/f80022/r6irikomi.html
2022-11,2022,11,304753,52797,251956,826480,554368,158732,113380,17.3,2712,"Kanagawa Prefecture, ""Tourist Visitor Survey""",https://www.pref.kanagawa.jp/docs/b6m/cnt/f80022/r6irikomi.html
2022-12,2022,12,335985,61485,274500,942052,645592,172935,123525,18.3,2804,"Kanagawa Prefecture, ""Tourist Visitor Survey""",https://www.pref.kanagawa.jp/docs/b6m/cnt/f80022/r6irikomi.html
2023-01,2023,1,232447,49710,182737,719310,521955,115124,82231,21.4,3095,"Kanagawa Prefecture, ""Tourist Visitor Survey""",https://www.pref.kanagawa.jp/docs/b6m/cnt/f80022/r6irikomi.html
2023-02,2023,2,248225,46389,201836,705066,487084,127156,90826,18.7,2840,"Kanagawa Prefecture, ""Tourist Visitor Survey""",https://www.pref.kanagawa.jp/docs/b6m/cnt/f80022/r6irikomi.html
2023-03,2023,3,290896,60269,230627,881901,632824,145295,103782,20.7,3032,"Kanagawa Prefecture, ""Tourist Visitor Survey""",https://www.pref.kanagawa.jp/docs/b6m/cnt/f80022/r6irikomi.html
2023-04,2023,4,519590,43566,476024,971548,457443,299895,214210,8.4,1870,"Kanagawa Prefecture, ""Tourist Visitor Survey""",https://www.pref.kanagawa.jp/docs/b6m/cnt/f80022/r6irikomi.html
2023-05,2023,5,314375,46390,267985,776518,487095,168830,120593,14.8,2470,"Kanagawa Prefecture, ""Tourist Visitor Survey""",https://www.pref.kanagawa.jp/docs/b6m/cnt/f80022/r6irikomi.html
2023-06,2023,6,457758,36796,420962,840996,386358,265206,189432,8.0,1837,"Kanagawa Prefecture, ""Tourist Visitor Survey""",https://www.pref.kanagawa.jp/docs/b6m/cnt/f80022/r6irikomi.html
2023-07,2023,7,290002,43854,246148,726306,460467,155073,110766,15.1,2504,"Kanagawa Prefecture, ""Tourist Visitor Survey""",https://www.pref.kanagawa.jp/docs/b6m/cnt/f80022/r6irikomi.html
2023-08,2023,8,358692,65658,293034,1005885,689409,184611,131865,18.3,2804,"Kanagawa Prefecture, ""Tourist Visitor Survey""",https://www.pref.kanagawa.jp/docs/b6m/cnt/f80022/r6irikomi.html
2023-09,2023,9,277872,51524,226348,785457,541002,142599,101856,18.5,2827,"Kanagawa Prefecture, ""Tourist Visitor Survey""",https://www.pref.kanagawa.jp/docs/b6m/cnt/f80022/r6irikomi.html
2023-10,2023,10,345289,45768,299521,804046,480564,188698,134784,13.3,2329,"Kanagawa Prefecture, ""Tourist Visitor Survey""",https://www.pref.kanagawa.jp/docs/b6m/cnt/f80022/r6irikomi.html
2023-11,2023,11,281726,50627,231099,781169,531583,145592,103994,18.0,2773,"Kanagawa Prefecture, ""Tourist Visitor Survey""",https://www.pref.kanagawa.jp/docs/b6m/cnt/f80022/r6irikomi.html
2023-12,2023,12,297180,56148,241032,849868,589554,151850,108464,18.9,2860,"Kanagawa Prefecture, ""Tourist Visitor Survey""",https://www.pref.kanagawa.jp/docs/b6m/cnt/f80022/r6irikomi.html
2024-01,2024,1,209066,54915,154151,743089,576607,97115,69367,26.3,3554,"Kanagawa Prefecture, ""Tourist Visitor Survey""",https://www.pref.kanagawa.jp/docs/b6m/cnt/f80022/r6irikomi.html
2024-02,2024,2,264098,54048,210050,794357,567504,132331,94522,20.5,3008,"Kanagawa Prefecture, ""Tourist Visitor Survey""",https://www.pref.kanagawa.jp/docs/b6m/cnt/f80022/r6irikomi.html
2024-03,2024,3,254962,64162,190800,879765,673701,120204,85860,25.2,3451,"Kanagawa Prefecture, ""Tourist Visitor Survey""",https://www.pref.kanagawa.jp/docs/b6m/cnt/f80022/r6irikomi.html
2024-04,2024,4,636319,48733,587586,1146288,511696,370179,264413,7.7,1801,"Kanagawa Prefecture, ""Tourist Visitor Survey""",https://www.pref.kanagawa.jp/docs/b6m/cnt/f80022/r6irikomi.html
2024-05,2024,5,334627,46135,288492,795987,484417,181749,129821,13.8,2379,"Kanagawa Prefecture, ""Tourist Visitor Survey""",https://www.pref.kanagawa.jp/docs/b6m/cnt/f80022/r6irikomi.html
2024-06,2024,6,553652,41057,512595,984699,431098,322934,230667,7.4,1779,"Kanagawa Prefecture, ""Tourist Visitor Survey""",https://www.pref.kanagawa.jp/docs/b6m/cnt/f80022/r6irikomi.html
2024-07,2024,7,286622,44139,242483,725340,463459,152764,109117,15.4,2531,"Kanagawa Prefecture, ""Tourist Visitor Survey""",https://www.pref.kanagawa.jp/docs/b6m/cnt/f80022/r6irikomi.html
2024-08,2024,8,390597,63472,327125,1019750,666456,206088,147206,16.2,2611,"Kanagawa Prefecture, ""Tourist Visitor Survey""",https://www.pref.kanagawa.jp/docs/b6m/cnt/f80022/r6irikomi.html
2024-09,2024,9,274075,55311,218764,817029,580765,137821,98443,20.2,2981,"Kanagawa Prefecture, ""Tourist Visitor Survey""",https://www.pref.kanagawa.jp/docs/b6m/cnt/f80022/r6irikomi.html
2024-10,2024,10,299360,49741,249619,791867,522280,157259,112328,16.6,2645,"Kanagawa Prefecture, ""Tourist Visitor Survey""",https://www.pref.kanagawa.jp/docs/b6m/cnt/f80022/r6irikomi.html
2024-11,2024,11,271477,53867,217610,800621,565603,137094,97924,19.8,2949,"Kanagawa Prefecture, ""Tourist Visitor Survey""",https://www.pref.kanagawa.jp/docs/b6m/cnt/f80022/r6irikomi.html
2024-12,2024,12,280756,59000,221756,858996,619500,139706,99790,21.0,3060,"Kanagawa Prefecture, ""Tourist Visitor Survey""",https://www.pref.kanagawa.jp/docs/b6m/cnt/f80022/r6irikomi.html
