year,name,category,visitors_thousands,source,source_url
2019,Oku-Yugawara,Facility,898,"Kanagawa Prefecture, ""Tourist Visitor Survey""",https://www.pref.kanagawa.jp/docs/b6m/cnt/f80022/r6irikomi.html
2019,Yugawara Municipal Museum of Art,Facility,22,"Kanagawa Prefecture, ""Tourist Visitor Survey""",https://www.pref.kanagawa.jp/docs/b6m/cnt/f80022/r6irikomi.html
2019,Doppo-no-Yu footbath,Facility,62,"Kanagawa Prefecture, ""Tourist Visitor Survey""",https://www.pref.kanagawa.jp/docs/b6m/cnt/f80022/r6irikomi.html
2019,Kogome-no-Yu public bath,Facility,95,"Kanagawa Prefecture, ""Tourist Visitor Survey""",https://www.pref.kanagawa.jp/docs/b6m/cnt/f80022/r6irikomi.html
2019,Seaside Park pool,Facility,9,"Kanagawa Prefecture, ""Tourist Visitor Survey""",https://www.pref.kanagawa.jp/docs/b6m/cnt/f80022/r6irikomi.html
2019,Yugawara Onsen entrance intersection,Observation point,1099,"Kanagawa Prefecture, ""Tourist Visitor Survey""",https://www.pref.kanagawa.jp/docs/b6m/cnt/f80022/r6irikomi.html
2019,Yugawara Station entrance intersection,Observation point,868,"Kanagawa Prefecture, ""Tourist Visitor Survey""",https://www.pref.kanagawa.jp/docs/b6m/cnt/f80022/r6irikomi.html
2019,Yugawara Beach,Event,64,"Kanagawa Prefecture, ""Tourist Visitor Survey""",https://www.pref.kanagawa.jp/docs/b6m/cnt/f80022/r6irikomi.html
2019,Ume-no-Utage (plum blossom festival),Event,68,"Kanagawa Prefecture, ""Tourist Visitor Survey""",https://www.pref.kanagawa.jp/docs/b6m/cnt/f80022/r6irikomi.html
2019,Yukake Festival,Event,16,"Kanagawa Prefecture, ""Tourist Visitor Survey""",https://www.pref.kanagawa.jp/docs/b6m/cnt/f80022/r6irikomi.html
2019,Hotaru-no-Utage (firefly festival),Event,6,"Kanagawa Prefecture, ""Tourist Visitor Survey""",https://www.pref.kanagawa.jp/docs/b6m/cnt/f80022/r6irikomi.html
2019,Yassa Festival,Event,39,"Kanagawa Prefecture, ""Tourist Visitor Survey""",https://www.pref.kanagawa.jp/docs/b6m/cnt/f80022/r6irikomi.html
2019,Sea fireworks display,Event,32,"Kanagawa Prefecture, ""Tourist Visitor Survey""",https://www.pref.kanagawa.jp/docs/b6m/cnt/f80022/r6irikomi.html
2019,Noryo Ennichi (summer evening fair),Event,13,"Kanagawa Prefecture, ""Tourist Visitor Survey""",https://www.pref.kanagawa.jp/docs/b6m/cnt/f80022/r6irikomi.html
2020,Yugawara Municipal Museum of Art,Facility,15,"Kanagawa Prefecture, ""Tourist Visitor Survey""",https://www.pref.kanagawa.jp/docs/b6m/cnt/f80022/r6irikomi.html
2020,Doppo-no-Yu footbath,Facility,15,"Kanagawa Prefecture, ""Tourist Visitor Survey""",https://www.pref.kanagawa.jp/docs/b6m/cnt/f80022/r6irikomi.html
2020,Kogome-no-Yu public bath,Facility,64,"Kanagawa Prefecture, ""Tourist Visitor Survey""",https://www.pref.kanagawa.jp/docs/b6m/cnt/f80022/r6irikomi.html
2020,Seaside Park pool,Facility,5,"Kanagawa Prefecture, ""Tourist Visitor Survey""",https://www.pref.kanagawa.jp/docs/b6m/cnt/f80022/r6irikomi.html
2020,Oku-Yugawara,Observation point,581,"Kanagawa Prefecture, ""Tourist Visitor Survey""",https://www.pref.kanagawa.jp/docs/b6m/cnt/f80022/r6irikomi.html
2020,Yugawara Onsen entrance intersection,Observation point,948,"Kanagawa Prefecture, ""Tourist Visitor Survey""",https://www.pref.kanagawa.jp/docs/b6m/cnt/f80022/r6irikomi.html
2020,Yugawara Station entrance intersection,Observation point,890,"Kanagawa Prefecture, ""Tourist Visitor Survey""",https://www.pref.kanagawa.jp/docs/b6m/cnt/f80022/r6irikomi.html
2020,Ume-no-Utage (plum blossom festival),Event,50,"Kanagawa Prefecture, ""Tourist Visitor Survey""",https://www.pref.kanagawa.jp/docs/b6m/cnt/f80022/r6irikomi.html
2020,Halloween fireworks display,Event,9,"Kanagawa Prefecture, ""Tourist Visitor Survey""",https://www.pref.kanagawa.jp/docs/b6m/cnt/f80022/r6irikomi.html
2021,Yugawara Municipal Museum of Art,Facility,15,"Kanagawa Prefecture, ""Tourist Visitor Survey""",https://www.pref.kanagawa.jp/docs/b6m/cnt/f80022/r6irikomi.html
2021,Kogome-no-Yu public bath,Facility,65,"Kanagawa Prefecture, ""Tourist Visitor Survey""",https://www.pref.kanagawa.jp/docs/b6m/cnt/f80022/r6irikomi.html
2021,Seaside Park pool,Facility,7,"Kanagawa Prefecture, ""Tourist Visitor Survey""",https://www.pref.kanagawa.jp/docs/b6m/cnt/f80022/r6irikomi.html
2021,Genkan Terrace / Soyu Terrace,Facility,25,"Kanagawa Prefecture, ""Tourist Visitor Survey""",https://www.pref.kanagawa.jp/docs/b6m/cnt/f80022/r6irikomi.html
2021,Oku-Yugawara,Observation point,707,"Kanagawa Prefecture, ""Tourist Visitor Survey""",https://www.pref.kanagawa.jp/docs/b6m/cnt/f80022/r6irikomi.html
2021,Yugawara Onsen entrance intersection,Observation point,1126,"Kanagawa Prefecture, ""Tourist Visitor Survey""",https://www.pref.kanagawa.jp/docs/b6m/cnt/f80022/r6irikomi.html
2021,Yugawara Station entrance intersection,Observation point,780,"Kanagawa Prefecture, ""Tourist Visitor Survey""",https://www.pref.kanagawa.jp/docs/b6m/cnt/f80022/r6irikomi.html
2021,Ume-no-Utage (plum blossom festival),Event,38,"Kanagawa Prefecture, ""Tourist Visitor Survey""",https://www.pref.kanagawa.jp/docs/b6m/cnt/f80022/r6irikomi.html
2021,Yugawara Beach,Event,16,"Kanagawa Prefecture, ""Tourist Visitor Survey""",https://www.pref.kanagawa.jp/docs/b6m/cnt/f80022/r6irikomi.html
2021,Halloween,Event,5,"Kanagawa Prefecture, ""Tourist Visitor Survey""",https://www.pref.kanagawa.jp/docs/b6m/cnt/f80022/r6irikomi.html
2021,Yugawara Onsen fireworks display,Event,7,"Kanagawa Prefecture, ""Tourist Visitor Survey""",https://www.pref.kanagawa.jp/docs/b6m/cnt/f80022/r6irikomi.html
2022,Yugawara Station,Facility,771,"Kanagawa Prefecture, ""Tourist Visitor Survey""",https://www.pref.kanagawa.jp/docs/b6m/cnt/f80022/r6irikomi.html
2022,Oku-Yugawara,Facility,543,"Kanagawa Prefecture, ""Tourist Visitor Survey""",https://www.pref.kanagawa.jp/docs/b6m/cnt/f80022/r6irikomi.html
2022,Yugawara Onsen entrance intersection,Observation point,1243,"Kanagawa Prefecture, ""Tourist Visitor Survey""",https://www.pref.kanagawa.jp/docs/b6m/cnt/f80022/r6irikomi.html
2022,Yugawara Station entrance intersection,Observation point,1085,"Kanagawa Prefecture, ""Tourist Visitor Survey""",https://www.pref.kanagawa.jp/docs/b6m/cnt/f80022/r6irikomi.html
2022,Yugawara Municipal Museum of Art,Facility,17,"Kanagawa Prefecture, ""Tourist Visitor Survey""",https://www.pref.kanagawa.jp/docs/b6m/cnt/f80022/r6irikomi.html
2022,Genkan Terrace / Soyu Terrace,Facility,47,"Kanagawa Prefecture, ""Tourist Visitor Survey""",https://www.pref.kanagawa.jp/docs/b6m/cnt/f80022/r6irikomi.html
2022,Kogome-no-Yu public bath,Facility,64,"Kanagawa Prefecture, ""Tourist Visitor Survey""",https://www.pref.kanagawa.jp/docs/b6m/cnt/f80022/r6irikomi.html
2022,Seaside Park pool,Facility,6,"Kanagawa Prefecture, ""Tourist Visitor Survey""",https://www.pref.kanagawa.jp/docs/b6m/cnt/f80022/r6irikomi.html
2022,Ume-no-Utage (plum blossom festival),Event,54,"Kanagawa Prefecture, ""Tourist Visitor Survey""",https://www.pref.kanagawa.jp/docs/b6m/cnt/f80022/r6irikomi.html
2022,Halloween,Event,8,"Kanagawa Prefecture, ""Tourist Visitor Survey""",https://www.pref.kanagawa.jp/docs/b6m/cnt/f80022/r6irikomi.html
2022,Yugawara Onsen fireworks display,Event,14,"Kanagawa Prefecture, ""Tourist Visitor Survey""",https://www.pref.kanagawa.jp/docs/b6m/cnt/f80022/r6irikomi.html
2022,Yugawara Yassa Festival,Event,22,"Kanagawa Prefecture, ""Tourist Visitor Survey""",https://www.pref.kanagawa.jp/docs/b6m/cnt/f80022/r6irikomi.html
2022,Yugawara Beach,Event,52,"Kanagawa Prefecture, ""Tourist Visitor Survey""",https://www.pref.kanagawa.jp/docs/b6m/cnt/f80022/r6irikomi.html
2022,Yugawara Nights,Event,7,"Kanagawa Prefecture, ""Tourist Visitor Survey""",https://www.pref.kanagawa.jp/docs/b6m/cnt/f80022/r6irikomi.html
2023,Yugawara Station,Facility,943,"Kanagawa Prefecture, ""Tourist Visitor Survey""",https://www.pref.kanagawa.jp/docs/b6m/cnt/f80022/r6irikomi.html
2023,Oku-Yugawara,Facility,843,"Kanagawa Prefecture, ""Tourist Visitor Survey""",https://www.pref.kanagawa.jp/docs/b6m/cnt/f80022/r6irikomi.html
2023,Yugawara Municipal Museum of Art,Facility,19,"Kanagawa Prefecture, ""Tourist Visitor Survey""",https://www.pref.kanagawa.jp/docs/b6m/cnt/f80022/r6irikomi.html
2023,Genkan Terrace / Soyu Terrace,Facility,42,"Kanagawa Prefecture, ""Tourist Visitor Survey""",https://www.pref.kanagawa.jp/docs/b6m/cnt/f80022/r6irikomi.html
2023,Kogome-no-Yu public bath,Facility,70,"Kanagawa Prefecture, ""Tourist Visitor Survey""",https://www.pref.kanagawa.jp/docs/b6m/cnt/f80022/r6irikomi.html
2023,Seaside Park pool,Facility,8,"Kanagawa Prefecture, ""Tourist Visitor Survey""",https://www.pref.kanagawa.jp/docs/b6m/cnt/f80022/r6irikomi.html
2023,Yugawara Onsen entrance intersection,Observation point,1190,"Kanagawa Prefecture, ""Tourist Visitor Survey""",https://www.pref.kanagawa.jp/docs/b6m/cnt/f80022/r6irikomi.html
2023,Yugawara Station entrance intersection,Observation point,870,"Kanagawa Prefecture, ""Tourist Visitor Survey""",https://www.pref.kanagawa.jp/docs/b6m/cnt/f80022/r6irikomi.html
2023,Ume-no-Utage (plum blossom festival),Event,60,"Kanagawa Prefecture, ""Tourist Visitor Survey""",https://www.pref.kanagawa.jp/docs/b6m/cnt/f80022/r6irikomi.html
2023,Halloween,Event,11,"Kanagawa Prefecture, ""Tourist Visitor Survey""",https://www.pref.kanagawa.jp/docs/b6m/cnt/f80022/r6irikomi.html
2023,Yugawara Onsen fireworks display,Event,14,"Kanagawa Prefecture, ""Tourist Visitor Survey""",https://www.pref.kanagawa.jp/docs/b6m/cnt/f80022/r6irikomi.html
2023,Yugawara Yassa Festival,Event,25,"Kanagawa Prefecture, ""Tourist Visitor Survey""",https://www.pref.kanagawa.jp/docs/b6m/cnt/f80022/r6irikomi.html
2023,Yugawara Beach,Event,42,"Kanagawa Prefecture, ""Tourist Visitor Survey""",https://www.pref.kanagawa.jp/docs/b6m/cnt/f80022/r6irikomi.html
2023,Yugawara Nights,Event,6,"Kanagawa Prefecture, ""Tourist Visitor Survey""",https://www.pref.kanagawa.jp/docs/b6m/cnt/f80022/r6irikomi.html
2023,Yukake Festival,Event,16,"Kanagawa Prefecture, ""Tourist Visitor Survey""",https://www.pref.kanagawa.jp/docs/b6m/cnt/f80022/r6irikomi.html
2024,Yugawara Station,Facility,1030,"Kanagawa Prefecture, ""Tourist Visitor Survey""",https://www.pref.kanagawa.jp/docs/b6m/cnt/f80022/r6irikomi.html
2024,Oku-Yugawara,Facility,1134,"Kanagawa Prefecture, ""Tourist Visitor Survey""",https://www.pref.kanagawa.jp/docs/b6m/cnt/f80022/r6irikomi.html
2024,Yugawara Municipal Museum of Art,Facility,21,"Kanagawa Prefecture, ""Tourist Visitor Survey""",https://www.pref.kanagawa.jp/docs/b6m/cnt/f80022/r6irikomi.html
2024,Manyo Park Yugawara Soyu - Genkan Terrace,Facility,49,"Kanagawa Prefecture, ""Tourist Visitor Survey""",https://www.pref.kanagawa.jp/docs/b6m/cnt/f80022/r6irikomi.html
2024,Kogome-no-Yu public bath,Facility,72,"Kanagawa Prefecture, ""Tourist Visitor Survey""",https://www.pref.kanagawa.jp/docs/b6m/cnt/f80022/r6irikomi.html
2024,Seaside Park pool,Facility,6,"Kanagawa Prefecture, ""Tourist Visitor Survey""",https://www.pref.kanagawa.jp/docs/b6m/cnt/f80022/r6irikomi.html
2024,Yugawara Onsen entrance intersection,Observation point,1081,"Kanagawa Prefecture, ""Tourist Visitor Survey""",https://www.pref.kanagawa.jp/docs/b6m/cnt/f80022/r6irikomi.html
2024,Yugawara Station entrance intersection,Observation point,638,"Kanagawa Prefecture, ""Tourist Visitor Survey""",https://www.pref.kanagawa.jp/docs/b6m/cnt/f80022/r6irikomi.html
2024,Ume-no-Utage (plum blossom festival),Event,47,"Kanagawa Prefecture, ""Tourist Visitor Survey""",https://www.pref.kanagawa.jp/docs/b6m/cnt/f80022/r6irikomi.html
2024,Yuga Fes,Event,8,"Kanagawa Prefecture, ""Tourist Visitor Survey""",https://www.pref.kanagawa.jp/docs/b6m/cnt/f80022/r6irikomi.html
2024,Yugawara Onsen fireworks display,Event,13,"Kanagawa Prefecture, ""Tourist Visitor Survey""",https://www.pref.kanagawa.jp/docs/b6m/cnt/f80022/r6irikomi.html
2024,Yugawara Yassa Festival,Event,27,"Kanagawa Prefecture, ""Tourist Visitor Survey""",https://www.pref.kanagawa.jp/docs/b6m/cnt/f80022/r6irikomi.html
2024,Yoshihama Beach (Yugawara Beach),Event,51,"Kanagawa Prefecture, ""Tourist Visitor Survey""",https://www.pref.kanagawa.jp/docs/b6m/cnt/f80022/r6irikomi.html
2024,Yugawara Nights,Event,6,"Kanagawa Prefecture, ""Tourist Visitor Survey""",https://www.pref.kanagawa.jp/docs/b6m/cnt/f80022/r6irikomi.html
2024,Yukake Festival,Event,15,"Kanagawa Prefecture, ""Tourist Visitor Survey""",https://www.pref.kanagawa.jp/docs/b6m/cnt/f80022/r6irikomi.html
