year,municipality,visitors_total_thousands,overnight_visitors_thousands,day_visitors_thousands,overnight_share_pct,source,source_url
2010,Yugawara Town,4442,614,3827,13.8,"Kanagawa Prefecture, ""Tourist Visitor Survey""",https://www.pref.kanagawa.jp/docs/b6m/cnt/f80022/r6irikomi.html
2010,Hakone Town,20036,4646,15390,23.2,"Kanagawa Prefecture, ""Tourist Visitor Survey""",https://www.pref.kanagawa.jp/docs/b6m/cnt/f80022/r6irikomi.html
2010,Manazuru Town,1160,32,1128,2.8,"Kanagawa Prefecture, ""Tourist Visitor Survey""",https://www.pref.kanagawa.jp/docs/b6m/cnt/f80022/r6irikomi.html
2011,Yugawara Town,4062,577,3485,14.2,"Kanagawa Prefecture, ""Tourist Visitor Survey""",https://www.pref.kanagawa.jp/docs/b6m/cnt/f80022/r6irikomi.html
2011,Hakone Town,17671,4281,13390,24.2,"Kanagawa Prefecture, ""Tourist Visitor Survey""",https://www.pref.kanagawa.jp/docs/b6m/cnt/f80022/r6irikomi.html
2011,Manazuru Town,971,43,928,4.4,"Kanagawa Prefecture, ""Tourist Visitor Survey""",https://www.pref.kanagawa.jp/docs/b6m/cnt/f80022/r6irikomi.html
2012,Yugawara Town,4072,599,3473,14.7,"Kanagawa Prefecture, ""Tourist Visitor Survey""",https://www.pref.kanagawa.jp/docs/b6m/cnt/f80022/r6irikomi.html
2012,Hakone Town,19438,4632,14806,23.8,"Kanagawa Prefecture, ""Tourist Visitor Survey""",https://www.pref.kanagawa.jp/docs/b6m/cnt/f80022/r6irikomi.html
2012,Manazuru Town,1105,49,1056,4.4,"Kanagawa Prefecture, ""Tourist Visitor Survey""",https://www.pref.kanagawa.jp/docs/b6m/cnt/f80022/r6irikomi.html
2013,Yugawara Town,3944,593,3350,15.0,"Kanagawa Prefecture, ""Tourist Visitor Survey""",https://www.pref.kanagawa.jp/docs/b6m/cnt/f80022/r6irikomi.html
2013,Hakone Town,20857,4717,16140,22.6,"Kanagawa Prefecture, ""Tourist Visitor Survey""",https://www.pref.kanagawa.jp/docs/b6m/cnt/f80022/r6irikomi.html
2013,Manazuru Town,1037,27,1010,2.6,"Kanagawa Prefecture, ""Tourist Visitor Survey""",https://www.pref.kanagawa.jp/docs/b6m/cnt/f80022/r6irikomi.html
2014,Yugawara Town,3634,577,3057,15.9,"Kanagawa Prefecture, ""Tourist Visitor Survey""",https://www.pref.kanagawa.jp/docs/b6m/cnt/f80022/r6irikomi.html
2014,Hakone Town,21190,4607,16583,21.7,"Kanagawa Prefecture, ""Tourist Visitor Survey""",https://www.pref.kanagawa.jp/docs/b6m/cnt/f80022/r6irikomi.html
2014,Manazuru Town,1000,30,970,3.0,"Kanagawa Prefecture, ""Tourist Visitor Survey""",https://www.pref.kanagawa.jp/docs/b6m/cnt/f80022/r6irikomi.html
2015,Yugawara Town,3109,568,2541,18.3,"Kanagawa Prefecture, ""Tourist Visitor Survey""",https://www.pref.kanagawa.jp/docs/b6m/cnt/f80022/r6irikomi.html
2015,Hakone Town,17376,3665,13711,21.1,"Kanagawa Prefecture, ""Tourist Visitor Survey""",https://www.pref.kanagawa.jp/docs/b6m/cnt/f80022/r6irikomi.html
2015,Manazuru Town,1132,24,1108,2.1,"Kanagawa Prefecture, ""Tourist Visitor Survey""",https://www.pref.kanagawa.jp/docs/b6m/cnt/f80022/r6irikomi.html
2016,Yugawara Town,3421,576,2845,16.8,"Kanagawa Prefecture, ""Tourist Visitor Survey""",https://www.pref.kanagawa.jp/docs/b6m/cnt/f80022/r6irikomi.html
2016,Hakone Town,19565,4339,15226,22.2,"Kanagawa Prefecture, ""Tourist Visitor Survey""",https://www.pref.kanagawa.jp/docs/b6m/cnt/f80022/r6irikomi.html
2016,Manazuru Town,1121,24,1097,2.1,"Kanagawa Prefecture, ""Tourist Visitor Survey""",https://www.pref.kanagawa.jp/docs/b6m/cnt/f80022/r6irikomi.html
2017,Yugawara Town,3309,681,2628,20.6,"Kanagawa Prefecture, ""Tourist Visitor Survey""",https://www.pref.kanagawa.jp/docs/b6m/cnt/f80022/r6irikomi.html
2017,Hakone Town,21520,4694,16826,21.8,"Kanagawa Prefecture, ""Tourist Visitor Survey""",https://www.pref.kanagawa.jp/docs/b6m/cnt/f80022/r6irikomi.html
2017,Manazuru Town,1339,27,1312,2.0,"Kanagawa Prefecture, ""Tourist Visitor Survey""",https://www.pref.kanagawa.jp/docs/b6m/cnt/f80022/r6irikomi.html
2018,Yugawara Town,3647,690,2956,18.9,"Kanagawa Prefecture, ""Tourist Visitor Survey""",https://www.pref.kanagawa.jp/docs/b6m/cnt/f80022/r6irikomi.html
2018,Hakone Town,21260,4526,16734,21.3,"Kanagawa Prefecture, ""Tourist Visitor Survey""",https://www.pref.kanagawa.jp/docs/b6m/cnt/f80022/r6irikomi.html
2018,Manazuru Town,1242,15,1228,1.2,"Kanagawa Prefecture, ""Tourist Visitor Survey""",https://www.pref.kanagawa.jp/docs/b6m/cnt/f80022/r6irikomi.html
2019,Yugawara Town,4096,674,3422,16.5,"Kanagawa Prefecture, ""Tourist Visitor Survey""",https://www.pref.kanagawa.jp/docs/b6m/cnt/f80022/r6irikomi.html
2019,Hakone Town,18960,4297,14663,22.7,"Kanagawa Prefecture, ""Tourist Visitor Survey""",https://www.pref.kanagawa.jp/docs/b6m/cnt/f80022/r6irikomi.html
2019,Manazuru Town,895,13,882,1.5,"Kanagawa Prefecture, ""Tourist Visitor Survey""",https://www.pref.kanagawa.jp/docs/b6m/cnt/f80022/r6irikomi.html
2020,Yugawara Town,3602,503,3099,14.0,"Kanagawa Prefecture, ""Tourist Visitor Survey""",https://www.pref.kanagawa.jp/docs/b6m/cnt/f80022/r6irikomi.html
2020,Hakone Town,12570,2789,9781,22.2,"Kanagawa Prefecture, ""Tourist Visitor Survey""",https://www.pref.kanagawa.jp/docs/b6m/cnt/f80022/r6irikomi.html
2020,Manazuru Town,771,13,758,1.7,"Kanagawa Prefecture, ""Tourist Visitor Survey""",https://www.pref.kanagawa.jp/docs/b6m/cnt/f80022/r6irikomi.html
2021,Yugawara Town,3500,407,3092,11.6,"Kanagawa Prefecture, ""Tourist Visitor Survey""",https://www.pref.kanagawa.jp/docs/b6m/cnt/f80022/r6irikomi.html
2021,Hakone Town,13500,2541,10959,18.8,"Kanagawa Prefecture, ""Tourist Visitor Survey""",https://www.pref.kanagawa.jp/docs/b6m/cnt/f80022/r6irikomi.html
2021,Manazuru Town,1062,11,1051,1.0,"Kanagawa Prefecture, ""Tourist Visitor Survey""",https://www.pref.kanagawa.jp/docs/b6m/cnt/f80022/r6irikomi.html
2022,Yugawara Town,3804,580,3224,15.2,"Kanagawa Prefecture, ""Tourist Visitor Survey""",https://www.pref.kanagawa.jp/docs/b6m/cnt/f80022/r6irikomi.html
2022,Hakone Town,17360,3450,13910,19.9,"Kanagawa Prefecture, ""Tourist Visitor Survey""",https://www.pref.kanagawa.jp/docs/b6m/cnt/f80022/r6irikomi.html
2022,Manazuru Town,1039,19,1020,1.8,"Kanagawa Prefecture, ""Tourist Visitor Survey""",https://www.pref.kanagawa.jp/docs/b6m/cnt/f80022/r6irikomi.html
2023,Yugawara Town,3914,597,3317,15.3,"Kanagawa Prefecture, ""Tourist Visitor Survey""",https://www.pref.kanagawa.jp/docs/b6m/cnt/f80022/r6irikomi.html
2023,Hakone Town,19510,3938,15572,20.2,"Kanagawa Prefecture, ""Tourist Visitor Survey""",https://www.pref.kanagawa.jp/docs/b6m/cnt/f80022/r6irikomi.html
2023,Manazuru Town,1017,21,997,2.1,"Kanagawa Prefecture, ""Tourist Visitor Survey""",https://www.pref.kanagawa.jp/docs/b6m/cnt/f80022/r6irikomi.html
2024,Yugawara Town,4056,635,3421,15.7,"Kanagawa Prefecture, ""Tourist Visitor Survey""",https://www.pref.kanagawa.jp/docs/b6m/cnt/f80022/r6irikomi.html
2024,Hakone Town,20310,3984,16326,19.6,"Kanagawa Prefecture, ""Tourist Visitor Survey""",https://www.pref.kanagawa.jp/docs/b6m/cnt/f80022/r6irikomi.html
2024,Manazuru Town,1022,37,984,3.6,"Kanagawa Prefecture, ""Tourist Visitor Survey""",https://www.pref.kanagawa.jp/docs/b6m/cnt/f80022/r6irikomi.html
